title,date,author,content,url
"Shaun White was a record-breaking snowboarder. Now, he’s started a new competition to unify a ‘disjointed’ sport","10:49 AM EST, Fri March 7, 2025",Ben Morse,"When it comes to knowing a thing or two about  , there’s nobody better than Shaun White.                   White is arguably the greatest of all time in his field, having won 23 X Games medals – including 15 golds – and holding the record for the most snowboarding   with three.                   ...",https://edition.cnn.com/2025/03/07/sport/shaun-white-snow-league-snowboarding-olympics-spt-intl/index.html
Malala Yousafzai returns to Pakistan hometown for first time since she was shot,"6:02 AM EST, Fri March 7, 2025",Lianne Kolirin,"has returned to her hometown in  , 13 years after she was shot in the head by the Taliban.                   The 27-year-old Nobel Peace Prize winner shared a picture of herself in the stunning landscape of northern Pakistan on  , saying it was the first time she had been back there since she was...",https://edition.cnn.com/2025/03/07/asia/malala-pakistan-hometown-scli-intl/index.html
Kate Hudson likes ‘the idea of being engaged forever’,"9:22 AM EST, Fri March 7, 2025",Lisa Respers France,"It sounds like Kate Hudson has a case of like mother, like daughter.                   Her mother, fellow actress Goldie Hawn, has been in a relationship with her partner, actor Kurt Russell, for more than 40 years, though the two have never wed.                   During an appearance on  ,” Huds...",https://edition.cnn.com/2025/03/07/entertainment/kate-hudson-likes-being-engaged-forever/index.html
The National Park Service set a visitation record in 2024. Here are the top sites,"8:19 AM EST, Fri March 7, 2025",Forrest Brown,"Boy did Americans and other visitors make good use of US National Park Service sites in 2024 — enough to set a record.                   The NPS has reached a new overall milestone, with almost 331.9 million recreation visits logged at all  , which include famous national parks such as Yellowston...",https://edition.cnn.com/2025/03/07/travel/most-visited-us-national-park-sites-2024/index.html
Fired employee says NOAA layoffs will affect storm preparations,"6:26 PM EST, Wed March 5, 2025",MJ Lee,No content available,https://edition.cnn.com/2025/03/05/weather/video/noaa-layoffs-affect-weather-storm-preparations-lee-pkg-digvid
‘Really huge’ unexploded WWII bomb found outside Paris triggers major rail disruption,"11:13 AM EST, Fri March 7, 2025",Joseph Ataman,"Trains to and from Paris were heavily disrupted following the discovery of an unexploded World War II bomb early on Friday near the world’s third-busiest train station.                   Almost 500 trains were canceled and the disruption affected around 600,000 people at the Gare du Nord, the tra...",https://edition.cnn.com/2025/03/07/europe/wwii-bomb-paris-halts-eurostar-travel-london-northern-france-intl-hnk/index.html
Hamas says ready to maintain direct talks with US but accuses Trump of double standards,"9:16 AM EST, Fri March 7, 2025",N/A,A senior Hamas figure in Gaza has accused   of “blatant double standards” in his demand for the immediate release of hostages still held in Gaza – but told CNN that Hamas’ direct meetings with US officials “aim to achieve stability in the region.”                   Mushir al-Masri was speaking to...,https://edition.cnn.com/2025/03/07/middleeast/hamas-reaction-us-talks-hostages-intl/index.html
"Teenager João Fonseca continues stunning rise with first-round win at Indian Wells, Nick Kyrgios tearfully bows out","6:44 AM EST, Fri March 7, 2025",George Ramsay,"Only a few years ago,   was a young   fan eager to collect autographs from the world’s top players. Now, kids are starting to queue up for his signature.                   The 18-year-old is fast becoming one of the most exciting talents in men’s tennis, and on Thursday, he continued to impress w...",https://edition.cnn.com/2025/03/07/sport/joao-fonseca-indian-wells-tennis-spt-intl/index.html
D’Wayne Wiggins of Tony! Toni! Toné! dead at 64,"2:50 PM EST, Fri March 7, 2025",Lisa Respers France,"D’Wayne Wiggins, singer and guitarist for the popular R&B group Tony! Toni! Toné! has died after a battle with cancer, his family announced on the group’s verified social media Friday.                   He was 64.                   “With broken hearts, we share with you that our beloved D’Wayne p...",https://edition.cnn.com/2025/03/07/entertainment/dwayne-wiggins-tony-toni-tone-death/index.html
"Chelsea’s 2024 squad was the most expensive in European history, says UEFA report","6:23 AM EST, Fri March 7, 2025",N/A,"Chelsea’s squad at the end of the 2024 financial year was the most expensive ever assembled in   in terms of transfer fees, according to a report released by governing body UEFA.                   The “ ” report said Chelsea spent 1.656 billion euros ($1.79 billion) on combined transfer costs.   ...",https://edition.cnn.com/2025/03/07/sport/chelsea-squad-value-uefa-spt-intl/index.html
Dolly Parton releases new song dedicated to her late husband,"8:55 AM EST, Fri March 7, 2025",N/A,No content available,https://edition.cnn.com/2025/03/07/entertainment/video/dolly-parton-new-song-carl-dean-digvid
N/A,"5:17 PM EST, Fri March 7, 2025",Tori B. Powell,No content available,https://edition.cnn.com/us/live-news/investigation-update-gene-hackman-death-03-07-25/index.html
Ecuadorian president offers carte blanche to police and military after attack kills 22 in Guayaquil,"2:53 PM EST, Fri March 7, 2025",Ana Maria Canizares,"Ecuadorian President Daniel Noboa   for police and military personnel responding to an armed attack that killed at least 22 in the southern city of Guayaquil yesterday.                   “We need you to act decisively and without fear of reprisal,” Noboa wrote in a post on X on Friday morning. “D...",https://edition.cnn.com/2025/03/07/americas/ecuador-noboa-pardons-attack-latam-intl/index.html
The photographer capturing the ‘indescribable magic’ of Australia’s landscapes,"8:15 PM EST, Thu March 6, 2025",Rebecca Cairns,"Editor’s Note: Call to Earth is a CNN editorial series committed to reporting on the environmental challenges facing our planet, together with the solutions.   has partnered with CNN to drive awareness and education around key sustainability issues and to inspire positive action.               Wh...",https://edition.cnn.com/style/lisa-michele-burns-australia-landscape-photographer-hnk-spc-c2e/index.html
"Lying sideways on the moon, the Athena lander is declared dead","3:57 PM EST, Fri March 7, 2025",Jackie Wattles,".               Intuitive Machines, the Houston-based company that was set to deliver a historic water-hunting mission to the moon’s south pole, announced Friday that its   has powered down just one day after arriving at the lunar surface.                   Athena was expected to operate for abou...",https://edition.cnn.com/2025/03/07/science/intuitive-machines-athena-mission-concluded/index.html
Millie Bobby Brown responds to articles criticizing her appearance,"6:26 AM EST, Tue March 4, 2025",Leah Dolan,"Millie Bobby Brown has spoken out against a series of articles criticizing her appearance during her ongoing press tour for the Netflix film, “The Electric State.” On Monday, the “Stranger Things” actor posted a video on Instagram where she called out the media for “bullying” and “tearing young w...",https://edition.cnn.com/2025/03/04/style/millie-bobby-brown-responds-to-media-criticism-appearance/index.html
Gene Hackman wanted to be remembered as a ‘decent actor.’ He far surpassed that with these roles,"12:53 AM EST, Mon March 3, 2025",Lisa Respers France,"knew how he wanted to be remembered.                   “As a decent actor,”  . “As someone who tried to portray what was given to them in an honest fashion.”                   His career is now being reflected upon as the 95-year-old actor, his wife Betsy Arakawa and their dog   earlier this week...",https://edition.cnn.com/2025/03/02/entertainment/gene-hackman-memorable-roles/index.html
She traveled to Italy to save her marriage. Here’s how she ended up falling for her Italian tour guide,"8:39 AM EST, Fri February 28, 2025",Francesca Street,"When Monica Kennedy booked the trip to the Amalfi Coast, she was hoping the time in Italy would save her marriage.                   It was 2017. Monica lived in a nice house in Connecticut in the United States. She worked as a clinical paralegal at Yale Law School. She’d been married for over 20...",https://edition.cnn.com/travel/amalfi-coast-tour-guide-chance-encounters/index.html
"System needs to ‘reinvent itself’: Tennis has an anti-doping procedural problem, critics say","5:00 AM EST, Fri March 7, 2025",Issy Ronald,"For months, the   world has simmered with controversy in the wake of two doping cases involving top-ranking players: first, men’s player   and months later, women’s player  .                   And when the   (WADA) announced on February 15 that Sinner had accepted a three-month ban to settle his ...",https://edition.cnn.com/2025/03/07/sport/tennis-anti-doping-reaction-sinner-spt-intl/index.html
"What will cost Americans more from sweeping tariffs on Mexico, China and Canada","7:51 AM EST, Tue March 4, 2025",Elisabeth Buchwald,"American consumers and businesses stand to pay a hefty price for the tariffs President Donald Trump enacted on the nation’s top three trading partners.                   With only a slim exemption for some Canadian energy products, everything the US imports from those three nations is subject to ...",https://edition.cnn.com/2025/03/04/economy/what-cost-more-americans-us-tariffs/index.html
Halle Berry gets ‘payback’ on Adrien Brody at the Oscars — with a kiss,"10:33 AM EST, Mon March 3, 2025",Scottie Andrew,"Adrien Brody entered Oscars infamy in 2003, when he pulled Halle Berry into an impromptu kiss onstage.                   On the Oscars red carpet on Sunday, Halle Berry had her revenge.                   In jest, of course. Berry, an   stole a smooch from Brody before the ceremony began. The pair...",https://edition.cnn.com/2025/03/02/entertainment/halle-berry-adrien-brody-kiss-oscars-cec/index.html
Ancient rock carvings in Qatar,"4:51 AM EST, Mon November 22, 2021",N/A,No content available,https://edition.cnn.com/travel/gallery/ancient-rock-carvings-in-qatar/index.html
Here’s every film that won the Oscar for best picture,"11:50 PM EST, Sun March 2, 2025",N/A,No content available,https://edition.cnn.com/2022/02/07/entertainment/gallery/oscar-best-picture-winners/index.html
Canadians in crosshairs of trade war call Trump’s tariffs a ‘bad dream’,"5:31 PM EST, Thu March 6, 2025",John King,"Karim Walji is certain he is about to lose business. Worried he may have to shrink his workforce — fire people — for the first time in eight years. He blames President   and what Walji sees as a reckless power trip.                   “He wants the US to flex their muscle,” said Walji, a partner i...",https://edition.cnn.com/2025/03/06/politics/canada-trump-tariffs-impact/index.html
This boba chain you’ve never heard of has more outlets than McDonald’s,"4:11 AM EST, Mon March 3, 2025",John Liu,"Two decades ago, a modest restaurant in the middle of one of China’s poorest provinces saw its business take off after selling cut-price soft serve for just 1 yuan (15 cents) per cone. Today, it has overtaken McDonald’s and Starbucks as the world’s largest food and beverage chain by number of sto...",https://edition.cnn.com/2025/03/03/business/china-mixue-bingcheng-ipo-expansion-intl-hnk/index.html
"US aviation safety ‘no longer the gold standard,’ according to statements at House hearing","10:20 AM EST, Wed March 5, 2025",Alexandra Skores,"For decades, US officials liked to say the nation’s aviation system was the “gold standard” for safety. A House hearing on Tuesday cast doubt on that assertion.                   At the hearing, on problems with the nation’s air traffic control system, lawmakers pressed aviation organizations on ...",https://edition.cnn.com/2025/03/04/business/faa-us-aviation-safety/index.html
In pictures: Muslims around the world observe Ramadan,"1:23 AM EST, Sat March 1, 2025",N/A,No content available,https://edition.cnn.com/2025/03/01/world/gallery/ramadan-2025/index.html
Why scientists say this stunning ancient lake in Turkey might as well be on Mars,"5:30 AM EST, Thu March 6, 2025",Ali Halit Diker,"Editor’s Note:                 With its vivid turquoise, green and blue waters, it’s no surprise Lake Salda is often promoted as the “Maldives of Turkey.”                   Extraordinary to look at, peaceful and surrounded by an abundance of wildlife, it’s little wonder if has become a significan...",https://edition.cnn.com/travel/lake-salda-mars-turkey-analog/index.html
In pictures: The 2025 Academy Awards,"11:40 PM EST, Sun March 2, 2025",Brook Joyner,No content available,https://edition.cnn.com/2025/03/02/entertainment/gallery/2025-academy-award-ceremony/index.html
In pictures: NBA great LeBron James,"11:18 PM EST, Tue March 4, 2025",Kyle Almond,No content available,https://edition.cnn.com/2023/02/08/sport/gallery/lebron-james/index.html
"Common vaginal condition is really an STD, study finds","4:42 PM EST, Thu March 6, 2025",Sandee LaMotte,".               A common but potentially dangerous vaginal infection that affects   globally should be considered a sexually transmitted disease, a new study says.                   Bacterial vaginosis, or BV, is currently viewed as a woman’s issue, thus leaving the sexual partner untreated.     ...",https://edition.cnn.com/2025/03/05/health/bacterial-vaginosis-sexually-transmitted-wellness/index.html
Utah becomes the first state to pass legislation requiring app stores to verify ages,"12:29 AM EST, Thu March 6, 2025",N/A,"Utah on Wednesday became the first state to pass legislation requiring app stores to verify users’ ages and get parental consent for minors to download apps to their devices.                   The bill headed to the desk of Gov. Spencer Cox has pitted Meta, which operates Facebook and Instagram, ...",https://edition.cnn.com/2025/03/06/tech/utah-legislation-requiring-app-stores-to-verify-ages-hnk/index.html
5 things this ER doctor would like everyone to stop doing,"10:00 AM EST, Wed March 5, 2025",Katia Hetter,".               People are rushed to the hospital emergency room for all sorts of unavoidable injuries, whether they got hit by a car or injured while playing sports.                   Then there are the injuries and other conditions that emergency physicians treat regularly that are often preven...",https://edition.cnn.com/2025/03/05/health/er-doctor-stop-doing-five-things-wellness/index.html
Why those reports of DOGE using AI have experts worried about ‘massive risk’,"6:00 AM EST, Tue March 4, 2025",Clare Duffy,"Elon Musk’s Department of Government Efficiency team is reportedly using artificial intelligence to guide its cost-cutting decisions, a tactic AI experts say could cause security breaches, biased firing choices and cuts of highly qualified, essential government staffers.                   “It’s j...",https://edition.cnn.com/2025/03/04/tech/doge-ai-government-cuts-expert-concerns/index.html
"China announces high-tech fund to grow AI, emerging industries","4:30 AM EST, Thu March 6, 2025",Nectar Gan,"Fresh off the global success of   latest artificial intelligence reasoning model, China’s top economic officials have vowed to set up a state-backed fund to support technological innovation.                   The “state venture capital guidance fund” will focus on cutting-edge fields such as arti...",https://edition.cnn.com/2025/03/06/tech/china-state-venture-capital-guidance-fund-intl-hnk/index.html
"Alibaba launches DeepSeek rival, sending stock surging","7:16 AM EST, Thu March 6, 2025",John Liu,"Chinese tech giant Alibaba unveiled its latest artificial intelligence reasoning model on Thursday, boasting that its capabilities beat those of rival models from OpenAI and startup DeepSeek.                   The news prompted Alibaba’s Hong Kong-listed shares to close 8% higher on the day and h...",https://edition.cnn.com/2025/03/06/tech/china-alibaba-ai-model-deepseek-hnk-intl/index.html
"Replacing butter for some plant oils could significantly lower risk of mortality, new study finds","5:36 PM EST, Thu March 6, 2025",Julianna Bragg,"Editor’s Note:                 Swapping your daily butter intake for certain plant-based oils may help reduce your risk of death, a new study finds.                   These findings challenge the growing social media trend that attacks seed oils in favor of butter, ghee and animal fats.          ...",https://edition.cnn.com/2025/03/06/health/butter-seed-oils-reduced-death-wellness/index.html
"Don’t overdo it, but light exercise can help with minor illness","12:24 PM EST, Fri March 7, 2025",Melanie Radzicki McManus,"The winter flu season is still in full force, according to the  , causing many sufferers to halt their exercise regimen. But not every illness requires you to set down your gym bag. While moderate to severe ailments require a certain amount of rest and recovery, mild illnesses may improve with mo...",https://edition.cnn.com/2025/03/07/health/exercising-when-sick-wellness/index.html
Dismantling of Education Department puts future of trillions of dollars in student loans in question,"2:51 PM EST, Fri March 7, 2025",Kayla Tausche,"As President Donald Trump   of the Department of Education, the financial arm of the agency – which makes loans directly to borrowers and manages trillions of dollars in student debt – faces an uncertain future, with steep staff cuts and lack of communication exacerbating the uncertainty, accordi...",https://edition.cnn.com/2025/03/07/politics/student-loans-education-trump/index.html
House Republicans could face a major obstacle if they cut Medicaid: Their own districts’ health needs,"2:00 AM EST, Fri March 7, 2025",Ronald Brownstein,The House Republican drive to significantly reduce federal spending on medical care has placed the party on a collision course with the health needs of its own constituents.                   The House GOP is advancing a budget that could impose major cuts in  .                   But dozens of Ho...,https://edition.cnn.com/2025/03/07/politics/medicaid-cuts-republican-districts-analysis/index.html
"War heroes and military firsts are among 26,000 images flagged for removal in Pentagon’s DEI purge","10:13 AM EST, Fri March 7, 2025",N/A,"References to a World War II Medal of Honor recipient, the Enola Gay aircraft that dropped an atomic bomb on Japan and the first women to pass Marine infantry training are among the tens of thousands of photos and online posts marked for deletion as the Defense Department works to  , according to...",https://edition.cnn.com/2025/03/07/politics/ap-pentagon-dei-image-removal/index.html
A protest in pink: Democrats respond to Trump’s speech through clothes,"12:18 PM EST, Wed March 5, 2025",Leah Dolan,"As President Trump addressed a joint session of Congress at the US Capitol on Tuesday night — the   first speech the House chamber has seen since 1964 — the reaction was mixed. Rep. Al Green, a Texas Democrat, was removed for heckling, while some attendees held up signs reading “false” and “lies....",https://edition.cnn.com/2025/03/05/style/a-protest-in-pink-democrats-respond-to-trumps-speech-through-clothes/index.html
Ireland’s oldest university names its first building after a woman. It only took 433 years,"5:18 AM EST, Thu March 6, 2025",Kathy Rose O'Brien,"Trinity College Dublin may have been founded by Queen Elizabeth I, but for over 400 years every building on the prestigious university campus has been named after a man. Until now.                   This month, an official ceremony marks the renaming of one of the main libraries at Ireland’s lead...",https://edition.cnn.com/2025/03/06/style/eavan-boland-trinity-college-library-intl/index.html
Michael Jordan’s and Kobe Bryant’s first-ever NBA jerseys expected to sell for $10 million apiece,"5:03 AM EST, Fri March 7, 2025",Rosa Rahimi,"Jerseys worn by   and   in the first NBA games of their careers could sell for millions of dollars when they go up for auction this spring.                   Representing the basketball legends’ “humble beginnings,” they are expected to sell for a combined $20 million, according to a press releas...",https://edition.cnn.com/2025/03/06/style/michael-jordan-kobe-bryant-jersey-auction-intl-scli/index.html
"Luka Dončić and LeBron James lead LA Lakers to thrilling OT win over New York Knicks, extend win streak","4:43 AM EST, Fri March 7, 2025",Jacob Lev,"Hours after the last time the Los Angeles Lakers and New York Knicks met, one of the most shocking trades in NBA history went down as LA acquired superstar Luka Dončić in a three-team deal that shook the league.                   On Thursday, the two teams faced each other again, this time at Cry...",https://edition.cnn.com/2025/03/07/sport/la-lakers-new-york-knicks-nba-spt/index.html
"Ricardo Scofidio, architect of New York’s High Line, dies age 89","3:26 AM EST, Fri March 7, 2025",Oscar Holland,"Architect Ricardo Scofidio, whose work co-designing museums, art venues and public spaces — including New York City’s   — reshaped America’s cultural landscape, has died age 89.                   A statement posted to the website of Diller Scofidio + Renfro, the influential architecture practice ...",https://edition.cnn.com/2025/03/07/style/ricardo-scofidio-high-line-architect-death/index.html
Wall Street is turning its back on Elon Musk,"4:14 PM EST, Thu March 6, 2025",Chris Isidore,"Liberals and government employees aren’t the only people angry with Elon Musk. Tesla’s plunging share price means many investors are angry, too.                   Shares of Tesla shot up 91% after election day, peaking just before Christmas, as investors anticipated Musk and his car company would...",https://edition.cnn.com/2025/03/06/business/musk-trump-tesla-shares-slide/index.html
A Ramadan etiquette guide for non-Muslims,"10:24 AM EST, Fri February 28, 2025",Saeed Ahmed,"There are   people in the world. And   are fasting from sunup to sundown. Every day. For an entire month.                   It’s  , and it’s the holiest month of the Muslim calendar. In 2025, it runs roughly from February 28 to March 30.                   But what if you’re not a Muslim and inste...",https://edition.cnn.com/travel/ramadan-etiquette-guide-non-muslims/index.html
"The ‘economic blackout’ movement now wants you to boycott Amazon, starting today","6:34 AM EST, Fri March 7, 2025",Jordan Valinsky,"A grassroots movement’s call for Americans not to shop at major chains for 24 hours in an “ ” last week went viral — and now, its organizer is launching a weeklong boycott against Amazon that starts Friday.                   John Schwarz, the 57-year-old founder of The People’s Union USA, is call...",https://edition.cnn.com/2025/03/07/business/amazon-economic-blackout/index.html
Trump delays some tariffs on Mexico and Canada for one month,"6:19 PM EST, Thu March 6, 2025",David Goldman,"President Donald Trump on Thursday signed executive actions that delay for nearly one mo﻿nth tariffs on all products from Mexico and Canada that are covered by the USMCA free trade treaty, a significant walkback of the administration’s signature economic plan that has rattled markets, businesses ...",https://edition.cnn.com/2025/03/06/economy/tariffs-delay-mexico-canada/index.html
Crypto executives descend on DC for a victory lap — and to give Trump a round of applause,"10:01 AM EST, Fri March 7, 2025",Allison Morrow,.               The crypto industry is buzzing ahead of Friday’s White House summit on digital assets.                   That’s a sentence that would have been laughable just a couple of years ago. Crypto kingpins rubbing elbows with the president and the head of the Securities and Exchange Commi...,https://edition.cnn.com/2025/03/07/business/crypto-summit-white-house-reserve-nightcap/index.html
Fed Chair Powell says he’s not worried about the economy amid Trump’s tariff chaos,"1:13 PM EST, Fri March 7, 2025",Bryan Mena,"America is feeling uneasy about the Trump administration’s rapid-fire trade policy changes, but Federal Reserve Chair Jerome Powell said Friday he’s not worried.                   “Despite elevated levels of uncertainty, the US economy continues to be in a good place,” Powell said at an event hos...",https://edition.cnn.com/2025/03/07/economy/fed-chair-powell-trump-economy/index.html
Firefly shares video of Blue Ghost’s nail-biting descent to the lunar surface,"8:34 AM EST, Wed March 5, 2025",Jackie Wattles,".               Firefly Aerospace, the Texas-based startup that on Sunday became only the second private-sector company to soft-land a spacecraft on the moon,   from the moment its   on the lunar surface.                   Blue Ghost shared the footage after successfully deploying an X-band anten...",https://edition.cnn.com/2025/03/05/science/blue-ghost-moon-landing-footage/index.html
‘I’m very impulsive’: Why this American woman moved to France at the age of 70,"8:48 AM EST, Mon March 3, 2025",Tamara Hardingham-Gill,"She’d dreamed of living in France for years, but according to Janice Deerwester, originally from Texas, life always seemed to get in the way.                   In 2021, Janice, who has been a widow since 2012, found herself lying on her bed with the lyrics to “Is That All There Is?,” a song about...",https://edition.cnn.com/travel/janice-deerwester-american-woman-moved-france-age-70/index.html
What it’s like to travel as a woman in Saudi Arabia,"6:26 AM EST, Fri March 7, 2025",N/A,"Editor’s Note: This CNN Travel series is, or was, sponsored by the country it highlights. CNN retains full editorial control over subject matter, reporting and frequency of the articles and videos within the sponsorship,  .               Saudi Arabia’s historic treasures were long hidden behind a...",https://edition.cnn.com/travel/what-its-like-to-travel-as-a-woman-in-saudi-arabia/index.html
Scientists created a ‘woolly mouse’ with mammoth traits. Is it a step toward bringing back the extinct giant?,"5:27 PM EST, Wed March 5, 2025",Katie Hunt,".               It’s tiny, but this lab mouse could have a mammoth impact.                   With curly whiskers and wavy, light hair that grows three times longer than that of an ordinary lab mouse, the genetically modified rodent embodies several woolly mammoth-like traits, according to Colossa...",https://edition.cnn.com/2025/03/04/science/woolly-mouse-mammoth-resurrection-colossal/index.html
Frequent flyers have spent years staying loyal to airlines. Now airlines are giving them ‘the middle finger’,"6:00 AM EST, Sat February 22, 2025",Julia Buckley,"Imagine you’re booking a flight.                   For most people, it’s an easy decision: the cheapest fare or the easiest route will be the one to win out. But for many, it’s a different scenario. They’re willing to spend more, fly at awkward times or even make multiple connections to reach the...",https://edition.cnn.com/travel/airline-loyalty-programs-points-2025-changes/index.html
The farthest spacecraft from Earth are shutting off instruments in interstellar space,"6:25 PM EST, Wed March 5, 2025",Ashley Strickland,".               NASA’s twin Voyager probes, which launched 47 years ago, are shutting off some science instruments in an effort to conserve power and keep their storied missions going. Voyager 1 and Voyager 2 are both exploring uncharted territory in interstellar space.                   Engineer...",https://edition.cnn.com/2025/03/05/science/voyager-probes-turn-off-instruments/index.html
Archaeologists uncovered a cache of 1.5 million-year-old bone tools. They’re trying to determine who made them,"1:13 PM EST, Wed March 5, 2025",Ashley Strickland,".               Archaeologists have uncovered a collection of bone tools in northern Tanzania that were shaped by ancient human ancestors 1.5 million years ago, making them the oldest known bone tools by about 1 million years, according to new research.                   Researchers have unearthe...",https://edition.cnn.com/2025/03/05/science/oldest-bone-tools-hominins/index.html
"Pamela Bach, actor and ex-wife of David Hasselhoff, dies at 62","12:13 AM EST, Fri March 7, 2025",N/A,"Pamela Bach, an actor and the ex-wife of “Baywatch” star David Hasselhoff, has died at 62.                   The Los Angeles medical examiner’s office reports that she died Wednesday and determined her death was a suicide. Also known as Pamela Hasselhoff, Bach appeared on “The Young and the Restl...",https://edition.cnn.com/2025/03/07/entertainment/pamela-bach-actor-hasselhoff-dies-hnk/index.html
Sudan launches case against United Arab Emirates at World Court,"12:36 PM EST, Fri March 7, 2025",N/A,"Sudan has filed a case against the United Arab Emirates at the World Court for allegedly violating its obligations under the Genocide Convention by arming the paramilitary Rapid Support Forces, the International Court of Justice said on Thursday.                   The United Arab Emirates said it...",https://edition.cnn.com/2025/03/07/middleeast/sudan-uae-icj-intl-latam/index.html
See how Russian state-owned networks are changing their tune on the US,"6:36 PM EST, Thu March 6, 2025",Matthew Chance,No content available,https://edition.cnn.com/2025/03/06/world/video/russian-tv-reaction-trump-ukraine-us-chance-pkg-ac360-digvid
A striking new visualization looks like a flower in bloom but tells an alarming story about what’s happening to the planet,"6:30 AM EST, Fri March 7, 2025",Laura Paddison,"A striking new visualization made by climate scientist Zeke Hausfather unfurls like a flower blooming in the spring, its colors moving from blue to red. It may look beautiful but what it reveals is an  .                   The graphic shows the increase in daily global temperatures between 1940 an...",https://edition.cnn.com/2025/03/07/climate/visual-temperature-rise/index.html
China slams Trump’s return to the ‘law of the jungle’,"2:40 AM EST, Fri March 7, 2025",Simone McCarthy,"If every country were to put itself first, the ‘law of the jungle’ would return, China’s Foreign Minister Wang Yi said on Friday in response to a question from CNN’s Steven Jiang about US President Donald Trump’s “America First” policy.                   “There are more than 190 countries in the ...",https://edition.cnn.com/2025/03/07/china/china-wang-yi-press-conference-trump-intl-hnk/index.html
Newly released texts reveal panic between surviving roommates in Idaho murders,"9:46 AM EST, Fri March 7, 2025",Ellen Rittiner,No content available,https://edition.cnn.com/2025/03/07/us/video/idaho-kohberger-roommates-textscasarez-digvid
Is this the only known portrait of England’s doomed ‘Nine Days Queen’?,"9:23 AM EST, Fri March 7, 2025",Amarachi Orie,"Lady Jane Grey, a teenage pawn in the power struggles that plagued the   court, ruled England for just nine days and was later executed for treason. Now, researchers believe they may have identified the only known portrait of the so-called “Nine Days Queen” painted before her death.              ...",https://edition.cnn.com/2025/03/07/style/lady-jane-grey-portrait-england-intl-scli-gbr/index.html
‘Fate is screaming at us to do something’: How pilots are reacting to the slew of recent aviation incidents,"6:06 AM EST, Fri March 7, 2025",Julia Buckley,".  . And, of course, the  which have    in recent weeks.                   It’s little wonder that public confidence in flying has taken a tumble in recent weeks.                   A poll carried out by the   in February, after the fatal DC crash of an American Airlines plane and a helicopter, sh...",https://edition.cnn.com/travel/pilots-flying-safety-public-confidence/index.html
"Hundreds killed in Syria clashes, rights monitoring group says, in worst violence since ouster of Assad regime","4:29 PM EST, Fri March 7, 2025",Eyad Kourdi,"In the worst outbreak of unrest since Syria’s transitional government , hundreds of people have been killed or wounded in clashes between the security forces and supporters of former President Bashar al Assad this week, according to a human rights monitoring group.                   The clashes b...",https://edition.cnn.com/2025/03/07/middleeast/syria-army-assad-deadly-clashes-intl/index.html
‘The beginning of the seizure of democracy’: French politician takes aim at President Trump,"6:02 PM EST, Thu March 6, 2025",Samantha Lindell,No content available,https://edition.cnn.com/2025/03/06/politics/video/french-politician-criticizes-trumps-response-ukraine-digvid
Sam Bankman-Fried describes his relationship with Diddy in jail,"10:18 AM EST, Fri March 7, 2025",Jordan Valinsky,"Sam Bankman-Fried, the convicted crypto fraudster who is  , is breaking his silence about his life behind bars in a new interview with Tucker Carlson.                   One major point of interest about Bankman-Fried has been about whether he has befriended disgraced  , who is serving time in the...",https://edition.cnn.com/2025/03/07/business/sam-bankman-fried-prison-interview-diddy/index.html
Inside Trump and DOGE’s chaotic effort to release billions of gallons of California’s water,"6:16 AM EST, Fri March 7, 2025",Ella Nilsen,"Representatives from the Department of Government Efficiency repeatedly pressured the head of a United States water management agency to open a major California pump system in late January, intending to   south toward Los Angeles — even though the water would have never made it to the fire-scarre...",https://edition.cnn.com/2025/03/07/climate/trump-doge-california-water/index.html
The Trump revolution is being slowed by its own political debris field,"8:35 AM EST, Fri March 7, 2025",Stephen Collinson,"It was the week reality began to catch up with the White House.                   President Donald Trump made clear in his   of Congress on Tuesday night there will be no let-up in his relentless pace, his attempts to maximize executive power and his shake-up of the country and the world.        ...",https://edition.cnn.com/2025/03/07/politics/trump-revolution-slowed-down-analysis/index.html
Can NATO survive without the United States?,"3:48 AM EST, Fri March 7, 2025",Brad Lendon,"Europe is staring down the barrel of a stark new reality where the United States being the backbone of NATO – the alliance that has guaranteed the continent’s security for almost 80 years – is no longer a given.                   President Donald Trump’s   towards Ukraine’s Volodymyr Zelensky, hi...",https://edition.cnn.com/2025/03/07/europe/nato-ukraine-survive-without-united-states-analysis-intl-hnk-ml/index.html
‘My jaw is dropped’: Canadian official’s interview stuns Amanpour,"3:14 PM EST, Thu March 6, 2025",N/A,No content available,https://edition.cnn.com/2025/03/06/politics/video/melanie-joly-canada-trump-christiane-amanpour-digvid
Poland’s Tusk plans large-scale military training for all adult males to boost reserves,"12:09 PM EST, Fri March 7, 2025",Associated Press,"Prime Minister Donald Tusk said Friday that his government is working on a plan to prepare large-scale military training for every adult male in response to the  .                   Tusk told the country’s Sejm, the lower house of parliament, that the military training would create a reserve forc...",https://edition.cnn.com/2025/03/07/europe/poland-military-training-adult-men-nato-intl-latam/index.html
DOGE attempts to enter an agency building led to physical standoff that spilled into court,"9:44 AM EST, Fri March 7, 2025",Katelyn  Polantz,"A small federal agency that sends money to help communities in Africa became a flashpoint Thursday in the Trump administration’s efforts to shut down foreign aid and reduce the size of the federal government.                   A Trump-backed government official, staffers from the Department of Go...",https://edition.cnn.com/2025/03/07/politics/us-african-development-agency-standoff/index.html
Russia launches major aerial assault on Ukraine days after US shut off military aid,"4:52 PM EST, Fri March 7, 2025",Daria Tarasova-Markina,"Russia fired cruise and ballistic missiles at   in a major overnight attack, Volodymyr Zelensky said Friday, as the Ukrainian president renewed his plea for a partial ceasefire at the end of a week in which the   suspended military aid and intelligence sharing with Kyiv.                   Russia’...",https://edition.cnn.com/2025/03/07/world/russia-aerial-assault-ukraine-us-pause-military-aid-intl/index.html
Prosecutors allege Sean ‘Diddy’ Combs forced employee to engage in sex act in amended indictment,"6:37 PM EST, Thu March 6, 2025",Kara Scannell,"Federal prosecutors allege  forced an employee to engage in sex acts and threatened others with physical force and financial harm if they did not help him carry out a sex trafficking scheme that lasted two decades, according to a superseding indictment unsealed Thursday.                   The add...",https://edition.cnn.com/2025/03/06/entertainment/sean-diddy-combs-amended-indictment-employee/index.html
"Trump threatens new tariffs on Canada, including 250% tax on dairy","5:13 PM EST, Fri March 7, 2025",David Goldman,"A day after offering Canada   on punishing, virtually across-the-board 25% tariffs, President Donald Trump has threatened new tariffs as soon as Friday on Canadian lumber and dairy products. It’s yet another twist in a serpentine trade policy that seems to shift on an hourly basis.               ...",https://edition.cnn.com/2025/03/07/business/tariffs-trump-canada/index.html
The world is coming to America for next summer’s World Cup. There are big concerns over whether the US is ready,"4:21 PM EST, Fri March 7, 2025",Kyle Feldscher,"The    , but top travel executives are warning the US could struggle to effectively stage the tournament unless big changes are made quickly.                   US Travel Association president and CEO Geoff Freeman and MGM Resorts International president and CEO William Hornbuckle told CNN Sport t...",https://edition.cnn.com/2025/03/06/sport/2026-world-cup-usa-travel-spt/index.html
Pope Francis thanks well-wishers in first audio message since hospitalization,"2:25 AM EST, Fri March 7, 2025",Edward Szekeres,"Pope Francis thanked his supporters for their prayers on Thursday in a breathless audio message that nonetheless lifted spirits among his faithful as concerns grow for the 88-year-old pontiff’s health.                   The Pope’s pre-recorded remarks, broadcast on loudspeakers at the Vatican’s S...",https://edition.cnn.com/2025/03/07/europe/pope-francis-audio-message-intl-hnk/index.html
"What does King Charles listen to? Kylie Minogue and RAYE, according to his Apple Music playlist","5:48 AM EST, Fri March 7, 2025",Jessie Yeung,"When   gets up in the morning, what tunes does he select to start his day?                   It’s a mix of genres across decades, according to a new Apple Music broadcast show and playlist the monarch has curated – from reggae legend Bob Marley to the more recently Grammy-nominated singer-songwri...",https://edition.cnn.com/2025/03/07/uk/king-charles-apple-music-playlist-intl-hnk/index.html
Paris Fashion Week brought out big stars — here’s what they wore,"12:11 AM EST, Fri March 7, 2025",Kati Chitrakorn,"Editor’s Note: CNN Style is one of the official media partners of Paris Fashion Week. See all coverage                 The Fall-Winter 2025 edition of   is underway, with infectious energy and eye-catching looks seen both on and off the runways.                   At the nine-day event, running un...",https://edition.cnn.com/2025/03/06/style/paris-fashion-week-celebrity-looks-fall-winter-2025/index.html
N/A,"5:38 PM EST, Fri March 7, 2025",Leinz Vales,No content available,https://edition.cnn.com/politics/live-news/trump-administration-presidency-news-03-07-25/index.html
"SpaceX’s Starship spacecraft explodes midflight for a second time, disrupting Florida air traffic","2:17 AM EST, Fri March 7, 2025",Ashley Strickland,"A SpaceX Starship spacecraft, the upper portion of the most powerful launch system ever built, exploded during its eighth test flight Thursday, disrupting air traffic and marking the   for the vehicle this year.                   The uncrewed Starship mission lifted off at 5:30 p.m. CT (6:30 p.m....",https://edition.cnn.com/2025/03/06/science/starship-launch-test-flight-8/index.html
